"file","line","category","interpretation","text"
"scripts/bash/download_cesmle_list_and_get.sh",17,"hardcoded_chl_o2","May contain hard-coded variable lists that need expansion beyond chl/o2.","VARS=(TEMP SALT O2 UVEL)"
"scripts/bash/download_cesmle_list_parallel-hist.sh",23,"hardcoded_chl_o2","May contain hard-coded variable lists that need expansion beyond chl/o2.","VARS=(${VARS:-${VARS_DEFAULT[@]}})"
"scripts/bash/download_cesmle_list_parallel-proj.sh",20,"hardcoded_chl_o2","May contain hard-coded variable lists that need expansion beyond chl/o2.","VARS=(${VARS:-${VARS_DEFAULT[@]}})"
"scripts/bash/download_cesmle_list_parallel.sh",17,"hardcoded_chl_o2","May contain hard-coded variable lists that need expansion beyond chl/o2.","VARS=(TEMP SALT O2 UVEL)"
"scripts/bash/download_cesmle.sh",38,"stage_requires_parts","Assumes a parts stage from monthly regridding.","echo ""Single not found; trying split parts…"""
"scripts/bash/z_cesm1_temp.sh",24,"stage_requires_parts","Assumes a parts stage from monthly regridding.","echo ""Single not found; trying split parts…"""
"scripts/core/add_anomaly_to_baseline_with_coastal_fill.slurm.sh",114,"sea_ice_var","Mentions sea-ice concentration or SImon table.","#                               one-sided bounds, e.g. mlotst:0: siconc:0:1"
"scripts/core/add_anomaly_to_baseline_with_coastal_fill.slurm.sh",114,"two_dimensional_var","Mentions 2D variables that should not go through vertical interpolation.","#                               one-sided bounds, e.g. mlotst:0: siconc:0:1"
"scripts/core/add_anomaly_to_baseline_with_coastal_fill.slurm.sh",117,"sea_ice_var","Mentions sea-ice concentration or SImon table.","#                               siconc:0.01 to convert percent-point anomalies"
"scripts/core/add_anomaly_to_baseline_with_coastal_fill.slurm.sh",411,"stage_requires_parts","Assumes a parts stage from monthly regridding.","parts = item.split("":"")"
"scripts/core/add_anomaly_to_baseline_with_coastal_fill.slurm.sh",412,"stage_requires_parts","Assumes a parts stage from monthly regridding.","if len(parts) != 3:"
"scripts/core/add_anomaly_to_baseline_with_coastal_fill.slurm.sh",417,"stage_requires_parts","Assumes a parts stage from monthly regridding.","name, min_text, max_text = parts"
"scripts/core/add_anomaly_to_baseline_with_coastal_fill.slurm.sh",431,"stage_requires_parts","Assumes a parts stage from monthly regridding.","parts = item.split("":"")"
"scripts/core/add_anomaly_to_baseline_with_coastal_fill.slurm.sh",432,"stage_requires_parts","Assumes a parts stage from monthly regridding.","if len(parts) != 2:"
"scripts/core/add_anomaly_to_baseline_with_coastal_fill.slurm.sh",437,"stage_requires_parts","Assumes a parts stage from monthly regridding.","name, scale_text = parts"
"scripts/core/add_cesm_members_to_glorys_with_coastal_fill.slurm.sh",45,"new_ipcc_root","References new IPCC/ESGF root.","#   RCP85_ROOT                : default /home/SB5/ipcc_esgf/cmip5_rcp85"
"scripts/core/add_cesm_members_to_glorys_with_coastal_fill.slurm.sh",68,"new_ipcc_root","References new IPCC/ESGF root.","RCP85_ROOT=""${RCP85_ROOT:-/home/SB5/ipcc_esgf/cmip5_rcp85}"""
"scripts/core/temporal_aggregate_regrid.slurm.sh",57,"stage_requires_parts","Assumes a parts stage from monthly regridding.","#   PARTS_SUBDIR  : output subdir under OUTROOT/VAR (default: parts)"
"scripts/core/temporal_aggregate_regrid.slurm.sh",75,"stage_requires_parts","Assumes a parts stage from monthly regridding.","PARTS_SUBDIR=""${PARTS_SUBDIR:-parts}"""
"scripts/core/vertical_interpolate_to_reference.slurm.sh",18,"stage_requires_on_glorys","Assumes an on_glorys stage; 2D variables may need to skip vertical interpolation.","#    - Write outputs to a target directory such as on_glorys/"
"scripts/lib/ipcc_esgf_discovery.sh",51,"stage_requires_parts","Assumes a parts stage from monthly regridding.","local subdir=""${2:-parts}"""
"scripts/lib/ipcc_esgf_discovery.sh",72,"stage_requires_parts","Assumes a parts stage from monthly regridding.","local subdir=""${2:-parts}"""
"scripts/lib/ipcc_esgf_discovery.sh",97,"stage_requires_parts","Assumes a parts stage from monthly regridding.","local subdir=""${2:-parts}"""
"scripts/lib/ipcc_esgf_discovery.sh",98,"stage_requires_parts","Assumes a parts stage from monthly regridding.","local model scenario var member parts_dir"
"scripts/lib/ipcc_esgf_discovery.sh",111,"stage_requires_parts","Assumes a parts stage from monthly regridding.","parts_dir=""${var_dir}/${subdir}"""
"scripts/lib/ipcc_esgf_discovery.sh",112,"stage_requires_parts","Assumes a parts stage from monthly regridding.","[[ -d ""$parts_dir"" ]] || continue"
"scripts/lib/ipcc_esgf_discovery.sh",116,"stage_requires_parts","Assumes a parts stage from monthly regridding.","done < <(ipcc_esgf_members_from_files ""$parts_dir"" ""*.nc"" | sort -u)"
"scripts/lib/ipcc_esgf_discovery.sh",216,"member_auto_logic","Uses or resolves member/variant labels.","ipcc_esgf_resolve_member() {"
"scripts/lib/ipcc_esgf_discovery.sh",232,"member_auto_logic","Uses or resolves member/variant labels.","echo ""ERROR: MEMBER=${requested} not found in ${dir} for glob ${glob}"" >&2"
"scripts/lib/ipcc_esgf_discovery.sh",247,"member_auto_logic","Uses or resolves member/variant labels.","echo ""       Set MEMBER=<member>, for example MEMBER=${members[0]}"" >&2"
"scripts/lib/ipcc_esgf_discovery.sh",272,"member_auto_logic","Uses or resolves member/variant labels.","echo ""ERROR: MEMBER=${requested} not found in ${dir} for ${model} ${scenario} ${var}"" >&2"
"scripts/lib/ipcc_esgf_discovery.sh",287,"member_auto_logic","Uses or resolves member/variant labels.","echo ""       Set MEMBER=<member>, for example MEMBER=${members[0]}"" >&2"
"scripts/R/discover_ipcc_esgf_nci_cmip6.R",44,"stage_requires_parts","Assumes a parts stage from monthly regridding.","parts <- unlist(strsplit(value, ""[,[:space:]]+""))"
"scripts/R/discover_ipcc_esgf_nci_cmip6.R",45,"stage_requires_parts","Assumes a parts stage from monthly regridding.","parts[nzchar(parts)]"
"scripts/R/discover_ipcc_esgf_nci_cmip6.R",63,"hardcoded_chl_o2","May contain hard-coded variable lists that need expansion beyond chl/o2.","c(""thetao"", ""so"", ""ph"", ""o2"", ""chl"", ""uo"", ""vo"", ""zooc"", ""zos"", ""mlotst"")"
"scripts/R/discover_ipcc_esgf_nci_cmip6.R",63,"two_dimensional_var","Mentions 2D variables that should not go through vertical interpolation.","c(""thetao"", ""so"", ""ph"", ""o2"", ""chl"", ""uo"", ""vo"", ""zooc"", ""zos"", ""mlotst"")"
"scripts/R/discover_ipcc_esgf_nci_cmip6.R",75,"future_windows_missing_2030","Mentions 2030-2040 support. Absence in future-window runners is a review flag.","window = c(""2006-2014"", ""2030-2040"", ""2050-2060"", ""2090-2100""),"
"scripts/R/discover_ipcc_esgf_nci_cmip6.R",76,"future_windows_missing_2030","Mentions 2030-2040 support. Absence in future-window runners is a review flag.","start = as.Date(c(""2006-01-01"", ""2030-01-01"", ""2050-01-01"", ""2090-01-01"")),"
"scripts/R/discover_ipcc_esgf_nci_cmip6.R",118,"stage_requires_parts","Assumes a parts stage from monthly regridding.","parts <- regmatches(title, match)[[1]]"
"scripts/R/discover_ipcc_esgf_nci_cmip6.R",119,"stage_requires_parts","Assumes a parts stage from monthly regridding.","if (length(parts) == 0) {"
"scripts/R/discover_ipcc_esgf_nci_cmip6.R",123,"stage_requires_parts","Assumes a parts stage from monthly regridding.","start_year <- parts[[2]]"
"scripts/R/discover_ipcc_esgf_nci_cmip6.R",124,"stage_requires_parts","Assumes a parts stage from monthly regridding.","start_month <- ifelse(nzchar(parts[[3]]), parts[[3]], ""01"")"
"scripts/R/discover_ipcc_esgf_nci_cmip6.R",125,"stage_requires_parts","Assumes a parts stage from monthly regridding.","end_year <- parts[[4]]"
"scripts/R/discover_ipcc_esgf_nci_cmip6.R",126,"stage_requires_parts","Assumes a parts stage from monthly regridding.","end_month <- ifelse(nzchar(parts[[5]]), parts[[5]], ""12"")"
"scripts/R/discover_ipcc_esgf_nci_cmip6.R",135,"member_auto_logic","Uses or resolves member/variant labels.","member_key <- function(member_id) {"
"scripts/R/discover_ipcc_esgf_nci_cmip6.R",136,"member_auto_logic","Uses or resolves member/variant labels.","match <- regexec(""^r([0-9]+)i([0-9]+)p([0-9]+)f([0-9]+)$"", member_id)"
"scripts/R/discover_ipcc_esgf_nci_cmip6.R",137,"member_auto_logic","Uses or resolves member/variant labels.","parts <- regmatches(member_id, match)[[1]]"
"scripts/R/discover_ipcc_esgf_nci_cmip6.R",137,"stage_requires_parts","Assumes a parts stage from monthly regridding.","parts <- regmatches(member_id, match)[[1]]"
"scripts/R/discover_ipcc_esgf_nci_cmip6.R",138,"stage_requires_parts","Assumes a parts stage from monthly regridding.","if (length(parts) == 0) return(sprintf(""%09d_%09d_%09d_%09d"", 999999999, 999999999, 999999999, 999999999))"
"scripts/R/discover_ipcc_esgf_nci_cmip6.R",139,"stage_requires_parts","Assumes a parts stage from monthly regridding.","nums <- as.integer(parts[2:5])"
"scripts/R/discover_ipcc_esgf_nci_cmip6.R",165,"member_auto_logic","Uses or resolves member/variant labels.","member_id = first_value(doc$member_id %||% doc$variant_label),"
"scripts/R/discover_ipcc_esgf_nci_cmip6.R",183,"stage_requires_parts","Assumes a parts stage from monthly regridding.","row_parts <- list()"
"scripts/R/discover_ipcc_esgf_nci_cmip6.R",210,"stage_requires_parts","Assumes a parts stage from monthly regridding.","row_parts[[row_part_i]] <- do.call(rbind, lapply(docs, doc_to_row))"
"scripts/R/discover_ipcc_esgf_nci_cmip6.R",218,"stage_requires_parts","Assumes a parts stage from monthly regridding.","if (length(row_parts) == 0) {"
"scripts/R/discover_ipcc_esgf_nci_cmip6.R",221,"stage_requires_parts","Assumes a parts stage from monthly regridding.","do.call(rbind, row_parts)"
"scripts/R/discover_ipcc_esgf_nci_cmip6.R",224,"stage_requires_parts","Assumes a parts stage from monthly regridding.","file_parts <- list()"
"scripts/R/discover_ipcc_esgf_nci_cmip6.R",230,"stage_requires_parts","Assumes a parts stage from monthly regridding.","file_parts[[file_part_i]] <- fetch_file_rows(variable_id, experiment_id, source_id)"
"scripts/R/discover_ipcc_esgf_nci_cmip6.R",234,"stage_requires_parts","Assumes a parts stage from monthly regridding.","file_parts[[file_part_i]] <- fetch_file_rows(variable_id, experiment_id)"
"scripts/R/discover_ipcc_esgf_nci_cmip6.R",240,"stage_requires_parts","Assumes a parts stage from monthly regridding.","file_parts <- file_parts[vapply(file_parts, nrow, integer(1)) > 0]"
"scripts/R/discover_ipcc_esgf_nci_cmip6.R",241,"stage_requires_parts","Assumes a parts stage from monthly regridding.","if (length(file_parts) == 0) {"
"scripts/R/discover_ipcc_esgf_nci_cmip6.R",246,"stage_requires_parts","Assumes a parts stage from monthly regridding.","files <- do.call(rbind, file_parts)"
"scripts/R/discover_ipcc_esgf_nci_cmip6.R",252,"member_auto_logic","Uses or resolves member/variant labels.","files$member_sort_key <- vapply(files$member_id, member_key, character(1))"
"scripts/R/discover_ipcc_esgf_nci_cmip6.R",262,"member_auto_logic","Uses or resolves member/variant labels.","first_members <- unique(files[, c(""source_id"", ""experiment_id"", ""variable_id"", ""member_id"", ""member_sort_key"")])"
"scripts/R/discover_ipcc_esgf_nci_cmip6.R",274,"member_auto_logic","Uses or resolves member/variant labels.","first_members[, c(""source_id"", ""experiment_id"", ""variable_id"", ""member_id"", ""is_first_available_member"")],"
"scripts/R/discover_ipcc_esgf_nci_cmip6.R",275,"member_auto_logic","Uses or resolves member/variant labels.","by = c(""source_id"", ""experiment_id"", ""variable_id"", ""member_id""),"
"scripts/R/discover_ipcc_esgf_nci_cmip6.R",299,"member_auto_logic","Uses or resolves member/variant labels.","selected_files$member_id,"
"scripts/R/discover_ipcc_esgf_nci_cmip6.R",307,"stage_requires_parts","Assumes a parts stage from monthly regridding.","coverage_parts <- list()"
"scripts/R/discover_ipcc_esgf_nci_cmip6.R",319,"member_auto_logic","Uses or resolves member/variant labels.","member_id <- if (nrow(subset_files) > 0) subset_files$member_id[[1]] else NA_character_"
"scripts/R/discover_ipcc_esgf_nci_cmip6.R",334,"stage_requires_parts","Assumes a parts stage from monthly regridding.","coverage_parts[[part_i]] <- data.frame("
"scripts/R/discover_ipcc_esgf_nci_cmip6.R",338,"member_auto_logic","Uses or resolves member/variant labels.","member_id = member_id,"
"scripts/R/discover_ipcc_esgf_nci_cmip6.R",352,"stage_requires_parts","Assumes a parts stage from monthly regridding.","coverage <- do.call(rbind, coverage_parts)"
"scripts/R/discover_ipcc_esgf_nci_cmip6.R",376,"member_auto_logic","Uses or resolves member/variant labels.","wget_manifest <- selected_files[, c(""title"", ""http_url"", ""checksum_type"", ""checksum"", ""source_id"", ""experiment_id"", ""member_id"", ""variable_id"", ""table_id"", ""grid_label"")]"
"scripts/R/fetch_ipcc_esgf_cmip6_manifest.R",11,"new_ipcc_root","References new IPCC/ESGF root.","#    agreed /home/SB5/ipcc_esgf/downloads tree."
"scripts/R/fetch_ipcc_esgf_cmip6_manifest.R",21,"future_windows_missing_2030","Mentions 2030-2040 support. Absence in future-window runners is a review flag.","#        future: 2030-2040, 2050-2060, 2090-2100"
"scripts/R/fetch_ipcc_esgf_cmip6_manifest.R",38,"stage_requires_parts","Assumes a parts stage from monthly regridding.","parts <- unlist(strsplit(value, ""[,[:space:]]+""))"
"scripts/R/fetch_ipcc_esgf_cmip6_manifest.R",39,"stage_requires_parts","Assumes a parts stage from monthly regridding.","parts[nzchar(parts)]"
"scripts/R/fetch_ipcc_esgf_cmip6_manifest.R",47,"new_ipcc_root","References new IPCC/ESGF root.","out_root <- env_value(""OUT_ROOT"", ""/home/SB5/ipcc_esgf/downloads"")"
"scripts/R/fetch_ipcc_esgf_cmip6_manifest.R",75,"future_windows_missing_2030","Mentions 2030-2040 support. Absence in future-window runners is a review flag.","label = c(""2006-2014"", ""2030-2040"", ""2050-2060"", ""2090-2100""),"
"scripts/R/fetch_ipcc_esgf_cmip6_manifest.R",76,"future_windows_missing_2030","Mentions 2030-2040 support. Absence in future-window runners is a review flag.","start = as.Date(c(""2006-01-01"", ""2030-01-01"", ""2050-01-01"", ""2090-01-01"")),"
"scripts/R/fetch_ipcc_esgf_cmip6_manifest.R",86,"stage_requires_parts","Assumes a parts stage from monthly regridding.","parts <- strsplit(matched, ""-"", fixed = TRUE)[[1]]"
"scripts/R/fetch_ipcc_esgf_cmip6_manifest.R",87,"stage_requires_parts","Assumes a parts stage from monthly regridding.","start <- as.Date(paste0(substr(parts[[1]], 1, 4), ""-"", substr(parts[[1]], 5, 6), ""-01""))"
"scripts/R/fetch_ipcc_esgf_cmip6_manifest.R",88,"stage_requires_parts","Assumes a parts stage from monthly regridding.","end_month <- as.Date(paste0(substr(parts[[2]], 1, 4), ""-"", substr(parts[[2]], 5, 6), ""-01""))"
"scripts/R/fetch_ipcc_esgf_cmip6_manifest.R",131,"member_auto_logic","Uses or resolves member/variant labels.","if (length(members) > 0) keep <- keep & manifest_rows$member_id %in% members"
"scripts/R/fetch_ipcc_esgf_cmip6_manifest.R",153,"member_auto_logic","Uses or resolves member/variant labels.","row[[""member_id""]],"
"scripts/R/fetch_ipcc_esgf_cmip6_manifest.R",183,"member_auto_logic","Uses or resolves member/variant labels.","""filename"", ""source_id"", ""member_id"", ""experiment_id"", ""variable_id"","
"scripts/R/fetch_ipcc_esgf_cmip6_manifest.R",188,"member_auto_logic","Uses or resolves member/variant labels.","""filename"", ""source_id"", ""member_id"", ""experiment_id"", ""variable_id"","
"scripts/R/fetch_ipcc_esgf_cmip6_manifest.R",216,"member_auto_logic","Uses or resolves member/variant labels.","replicas$member_id == row[[""member_id""]] &"
"scripts/runners/cesm_to_glorys/run_add_anomaly_to_baseline_with_coastal_fill.sh",31,"hardcoded_chl_o2","May contain hard-coded variable lists that need expansion beyond chl/o2.","VARS=("
"scripts/runners/cesm_to_glorys/run_add_anomaly_to_baseline_with_coastal_fill.sh",43,"new_ipcc_root","References new IPCC/ESGF root.","RCP85_ROOT=""${RCP85_ROOT:-/home/SB5/ipcc_esgf/cmip5_rcp85}"""
"scripts/runners/cesm_to_glorys/run_add_anomaly_to_baseline.sh",33,"hardcoded_chl_o2","May contain hard-coded variable lists that need expansion beyond chl/o2.","VARS=("
"scripts/runners/cesm_to_glorys/run_add_anomaly_to_baseline.sh",45,"new_ipcc_root","References new IPCC/ESGF root.","RCP85_ROOT=""${RCP85_ROOT:-/home/SB5/ipcc_esgf/cmip5_rcp85}"""
"scripts/runners/cesm_to_glorys/run_add_anomaly_to_baseline.sh",65,"stage_requires_on_glorys","Assumes an on_glorys stage; 2D variables may need to skip vertical interpolation.","printf 'b.e11.BRCP85C5CNBDRD.f09_g16.%s.pop.h.%s.200601-210012.1deg_on_glorys' ""$member"" ""$var"""
"scripts/runners/cesm_to_glorys/run_add_anomaly_to_baseline.sh",119,"member_auto_logic","Uses or resolves member/variant labels.","echo ""  WARN: Missing anomaly for VAR=${v} MEMBER=${member} WINDOW=${window}: ${ANOMALY_FILE}"""
"scripts/runners/cesm_to_glorys/run_add_anomaly_to_baseline.sh",138,"member_auto_logic","Uses or resolves member/variant labels.","echo ""  submitted VAR=${v} MEMBER=${member} WINDOW=${window} as jobid=${jid}"""
"scripts/runners/cesm_to_glorys/run_climatology_window.sh",26,"hardcoded_chl_o2","May contain hard-coded variable lists that need expansion beyond chl/o2.","VARS=("
"scripts/runners/cesm_to_glorys/run_climatology_window.sh",34,"new_ipcc_root","References new IPCC/ESGF root.","INROOT_BASE=""${INROOT_BASE:-/home/SB5/ipcc_esgf/cmip5_rcp85}"""
"scripts/runners/cesm_to_glorys/run_climatology_window.sh",46,"stage_requires_on_glorys","Assumes an on_glorys stage; 2D variables may need to skip vertical interpolation.","printf 'b.e11.BRCP85C5CNBDRD.f09_g16.%s.pop.h.%s.200601-210012.grid_1deg_pop_global_on_glorys' ""$member"" ""$var"""
"scripts/runners/cesm_to_glorys/run_climatology_window.sh",53,"stage_requires_on_glorys","Assumes an on_glorys stage; 2D variables may need to skip vertical interpolation.","IN_DIR=""${INROOT_BASE}/${v}/on_glorys"""
"scripts/runners/cesm_to_glorys/run_climatology_window.sh",65,"stage_requires_on_glorys","Assumes an on_glorys stage; 2D variables may need to skip vertical interpolation.","member_glob=""*f09_g16.${member}.pop.h.${v}*.grid_1deg_pop_global_on_glorys.nc"""
"scripts/runners/cesm_to_glorys/run_climatology_window.sh",81,"member_auto_logic","Uses or resolves member/variant labels.","echo ""  submitted VAR=${v} MEMBER=${member} WINDOW=baseline as jobid=${jid_base}"""
"scripts/runners/cesm_to_glorys/run_climatology_window.sh",96,"member_auto_logic","Uses or resolves member/variant labels.","echo ""  submitted VAR=${v} MEMBER=${member} WINDOW=2050-2060 as jobid=${jid2050}"""
"scripts/runners/cesm_to_glorys/run_climatology_window.sh",111,"member_auto_logic","Uses or resolves member/variant labels.","echo ""  submitted VAR=${v} MEMBER=${member} WINDOW=2090-2100 as jobid=${jid2090}"""
"scripts/runners/cesm_to_glorys/run_delta_from_climatologies.sh",25,"hardcoded_chl_o2","May contain hard-coded variable lists that need expansion beyond chl/o2.","VARS=("
"scripts/runners/cesm_to_glorys/run_delta_from_climatologies.sh",33,"new_ipcc_root","References new IPCC/ESGF root.","ROOT=""${ROOT:-/home/SB5/ipcc_esgf/cmip5_rcp85}"""
"scripts/runners/cesm_to_glorys/run_delta_from_climatologies.sh",44,"stage_requires_on_glorys","Assumes an on_glorys stage; 2D variables may need to skip vertical interpolation.","printf 'b.e11.BRCP85C5CNBDRD.f09_g16.%s.pop.h.%s.200601-210012.grid_1deg_pop_global_on_glorys' ""$member"" ""$var"""
"scripts/runners/cesm_to_glorys/run_delta_from_climatologies.sh",75,"member_auto_logic","Uses or resolves member/variant labels.","echo ""  WARN: Missing baseline climatology for VAR=${v} MEMBER=${member}: ${BASELINE_FILE}"""
"scripts/runners/cesm_to_glorys/run_delta_from_climatologies.sh",97,"member_auto_logic","Uses or resolves member/variant labels.","echo ""  submitted VAR=${v} MEMBER=${member} WINDOW=${FUT2050_TAG} as jobid=${jid2050}"""
"scripts/runners/cesm_to_glorys/run_delta_from_climatologies.sh",99,"member_auto_logic","Uses or resolves member/variant labels.","echo ""  WARN: Missing 2050 climatology for VAR=${v} MEMBER=${member}: ${FUT2050_FILE}"""
"scripts/runners/cesm_to_glorys/run_delta_from_climatologies.sh",120,"member_auto_logic","Uses or resolves member/variant labels.","echo ""  submitted VAR=${v} MEMBER=${member} WINDOW=${FUT2090_TAG} as jobid=${jid2090}"""
"scripts/runners/cesm_to_glorys/run_delta_from_climatologies.sh",122,"member_auto_logic","Uses or resolves member/variant labels.","echo ""  WARN: Missing 2090 climatology for VAR=${v} MEMBER=${member}: ${FUT2090_FILE}"""
"scripts/runners/cesm_to_glorys/run_temporal_aggregate_regrid.sh",30,"hardcoded_chl_o2","May contain hard-coded variable lists that need expansion beyond chl/o2.","VARS=("
"scripts/runners/cesm_to_glorys/run_temporal_aggregate_regrid.sh",42,"stage_requires_parts","Assumes a parts stage from monthly regridding.","PARTS_SUBDIR=""parts"""
"scripts/runners/cesm_to_glorys/run_vertical_interpolate_to_reference.sh",29,"hardcoded_chl_o2","May contain hard-coded variable lists that need expansion beyond chl/o2.","VARS=("
"scripts/runners/cesm_to_glorys/run_vertical_interpolate_to_reference.sh",38,"stage_requires_parts","Assumes a parts stage from monthly regridding.","TARGET_REF_FILE=""/home/SB5/reanalysis/glorys12v1/monthly_0p05/thetao/parts/glorys12v1_thetao_200601.monmean.0p05.nc"""
"scripts/runners/cesm_to_glorys/run_vertical_interpolate_to_reference.sh",45,"stage_requires_on_glorys","Assumes an on_glorys stage; 2D variables may need to skip vertical interpolation.","OUT_SUFFIX=""on_glorys"""
"scripts/runners/cesm_to_glorys/run_vertical_interpolate_to_reference.sh",54,"stage_requires_parts","Assumes a parts stage from monthly regridding.","IN_DIR=""${INROOT_BASE}/${scen}/${v}/parts"""
"scripts/runners/cesm_to_glorys/run_vertical_interpolate_to_reference.sh",55,"stage_requires_on_glorys","Assumes an on_glorys stage; 2D variables may need to skip vertical interpolation.","OUT_DIR=""${INROOT_BASE}/${scen}/${v}/on_glorys"""
"scripts/runners/downscaling/run_add_anomaly_to_trusted_baseline_with_coastal_fill.sh",37,"hardcoded_chl_o2","May contain hard-coded variable lists that need expansion beyond chl/o2.","VAR_MAP_SPEC=""${VAR_MAP_SPEC:-chl:chl o2:o2}"""
"scripts/runners/downscaling/run_add_anomaly_to_trusted_baseline_with_coastal_fill.sh",41,"future_windows_missing_2030","Mentions 2030-2040 support. Absence in future-window runners is a review flag.","2030-2040"
"scripts/runners/downscaling/run_add_anomaly_to_trusted_baseline_with_coastal_fill.sh",49,"new_ipcc_root","References new IPCC/ESGF root.","ANOMALY_ROOT=""${ANOMALY_ROOT:-/home/SB5/ipcc_esgf/monthly_1deg}"""
"scripts/runners/downscaling/run_add_anomaly_to_trusted_baseline_with_coastal_fill.sh",89,"sea_ice_var","Mentions sea-ice concentration or SImon table.","OUTPUT_BOUNDS_SPEC=""${OUTPUT_BOUNDS_SPEC:-mlotst:0: siconc:0:1 so:0:}"""
"scripts/runners/downscaling/run_add_anomaly_to_trusted_baseline_with_coastal_fill.sh",89,"two_dimensional_var","Mentions 2D variables that should not go through vertical interpolation.","OUTPUT_BOUNDS_SPEC=""${OUTPUT_BOUNDS_SPEC:-mlotst:0: siconc:0:1 so:0:}"""
"scripts/runners/downscaling/run_add_anomaly_to_trusted_baseline_with_coastal_fill.sh",90,"sea_ice_var","Mentions sea-ice concentration or SImon table.","ANOMALY_SCALE_SPEC=""${ANOMALY_SCALE_SPEC:-siconc:0.01}"""
"scripts/runners/global_ocean_biogeochemistry_hindcast/run_climatology_window.sh",20,"stage_requires_on_glorys","Assumes an on_glorys stage; 2D variables may need to skip vertical interpolation.","#       /home/SB5/reanalysis/global_ocean_biogeochemistry_hindcast/monthly_0p25/<var>/on_glorys/*.nc"
"scripts/runners/global_ocean_biogeochemistry_hindcast/run_climatology_window.sh",31,"hardcoded_chl_o2","May contain hard-coded variable lists that need expansion beyond chl/o2.","VARS=("
"scripts/runners/global_ocean_biogeochemistry_hindcast/run_climatology_window.sh",32,"hardcoded_chl_o2","May contain hard-coded variable lists that need expansion beyond chl/o2.","chl"
"scripts/runners/global_ocean_biogeochemistry_hindcast/run_climatology_window.sh",36,"hardcoded_chl_o2","May contain hard-coded variable lists that need expansion beyond chl/o2.","o2"
"scripts/runners/global_ocean_biogeochemistry_hindcast/run_climatology_window.sh",56,"stage_requires_on_glorys","Assumes an on_glorys stage; 2D variables may need to skip vertical interpolation.","IN_DIR=""${INROOT_BASE}/${v}/on_glorys"""
"scripts/runners/global_ocean_biogeochemistry_hindcast/run_temporal_aggregate_regrid.sh",30,"hardcoded_chl_o2","May contain hard-coded variable lists that need expansion beyond chl/o2.","VARS=("
"scripts/runners/global_ocean_biogeochemistry_hindcast/run_temporal_aggregate_regrid.sh",31,"hardcoded_chl_o2","May contain hard-coded variable lists that need expansion beyond chl/o2.","chl"
"scripts/runners/global_ocean_biogeochemistry_hindcast/run_temporal_aggregate_regrid.sh",35,"hardcoded_chl_o2","May contain hard-coded variable lists that need expansion beyond chl/o2.","o2"
"scripts/runners/global_ocean_biogeochemistry_hindcast/run_temporal_aggregate_regrid.sh",63,"stage_requires_parts","Assumes a parts stage from monthly regridding.","PARTS_SUBDIR=""parts"""
"scripts/runners/global_ocean_biogeochemistry_hindcast/run_vertical_interpolate_to_reference.sh",22,"stage_requires_parts","Assumes a parts stage from monthly regridding.","#       /home/SB5/reanalysis/global_ocean_biogeochemistry_hindcast/monthly_0p25/<var>/parts/*.nc"
"scripts/runners/global_ocean_biogeochemistry_hindcast/run_vertical_interpolate_to_reference.sh",24,"stage_requires_on_glorys","Assumes an on_glorys stage; 2D variables may need to skip vertical interpolation.","#       /home/SB5/reanalysis/global_ocean_biogeochemistry_hindcast/monthly_0p25/<var>/on_glorys/"
"scripts/runners/global_ocean_biogeochemistry_hindcast/run_vertical_interpolate_to_reference.sh",33,"hardcoded_chl_o2","May contain hard-coded variable lists that need expansion beyond chl/o2.","VARS=("
"scripts/runners/global_ocean_biogeochemistry_hindcast/run_vertical_interpolate_to_reference.sh",34,"hardcoded_chl_o2","May contain hard-coded variable lists that need expansion beyond chl/o2.","chl"
"scripts/runners/global_ocean_biogeochemistry_hindcast/run_vertical_interpolate_to_reference.sh",38,"hardcoded_chl_o2","May contain hard-coded variable lists that need expansion beyond chl/o2.","o2"
"scripts/runners/global_ocean_biogeochemistry_hindcast/run_vertical_interpolate_to_reference.sh",50,"stage_requires_parts","Assumes a parts stage from monthly regridding.","TARGET_REF_FILE=""/home/SB5/reanalysis/glorys12v1/monthly_0p05/thetao/parts/glorys12v1_thetao_200601.monmean.0p05.nc"""
"scripts/runners/global_ocean_biogeochemistry_hindcast/run_vertical_interpolate_to_reference.sh",57,"stage_requires_on_glorys","Assumes an on_glorys stage; 2D variables may need to skip vertical interpolation.","OUT_SUFFIX=""on_glorys"""
"scripts/runners/global_ocean_biogeochemistry_hindcast/run_vertical_interpolate_to_reference.sh",64,"stage_requires_parts","Assumes a parts stage from monthly regridding.","IN_DIR=""${INROOT_BASE}/${v}/parts"""
"scripts/runners/global_ocean_biogeochemistry_hindcast/run_vertical_interpolate_to_reference.sh",65,"stage_requires_on_glorys","Assumes an on_glorys stage; 2D variables may need to skip vertical interpolation.","OUT_DIR=""${INROOT_BASE}/${v}/on_glorys"""
"scripts/runners/glorys/run_climatology_window.sh",19,"stage_requires_parts","Assumes a parts stage from monthly regridding.","#       /home/SB5/reanalysis/glorys12v1/monthly_0p05/<var>/parts/*.nc"
"scripts/runners/glorys/run_climatology_window.sh",32,"two_dimensional_var","Mentions 2D variables that should not go through vertical interpolation.","mlotst"
"scripts/runners/glorys/run_climatology_window.sh",37,"two_dimensional_var","Mentions 2D variables that should not go through vertical interpolation.","zos"
"scripts/runners/glorys/run_climatology_window.sh",38,"sea_ice_var","Mentions sea-ice concentration or SImon table.","siconc"
"scripts/runners/glorys/run_climatology_window.sh",62,"stage_requires_parts","Assumes a parts stage from monthly regridding.","IN_DIR=""${INROOT_BASE}/${v}/parts"""
"scripts/runners/glorys/run_temporal_aggregate_regrid.sh",33,"two_dimensional_var","Mentions 2D variables that should not go through vertical interpolation.","mlotst"
"scripts/runners/glorys/run_temporal_aggregate_regrid.sh",36,"two_dimensional_var","Mentions 2D variables that should not go through vertical interpolation.","zos"
"scripts/runners/glorys/run_temporal_aggregate_regrid.sh",38,"sea_ice_var","Mentions sea-ice concentration or SImon table.","siconc"
"scripts/runners/glorys/run_temporal_aggregate_regrid.sh",71,"stage_requires_parts","Assumes a parts stage from monthly regridding.","PARTS_SUBDIR=""parts"""
"scripts/runners/ipcc_esgf_to_hindcast/run_add_anomaly_to_baseline_with_coastal_fill.sh",18,"new_ipcc_root","References new IPCC/ESGF root.","IPCC_ESGF_ROOT=""${IPCC_ESGF_ROOT:-/home/SB5/ipcc_esgf}"""
"scripts/runners/ipcc_esgf_to_hindcast/run_add_anomaly_to_baseline_with_coastal_fill.sh",20,"member_auto_logic","Uses or resolves member/variant labels.","MEMBER=""${MEMBER:-auto}"""
"scripts/runners/ipcc_esgf_to_hindcast/run_add_anomaly_to_baseline_with_coastal_fill.sh",32,"hardcoded_chl_o2","May contain hard-coded variable lists that need expansion beyond chl/o2.","ANOMALY_MODE_SPEC=""${ANOMALY_MODE_SPEC:-chl=log_ratio}"""
"scripts/runners/ipcc_esgf_to_hindcast/run_add_anomaly_to_baseline_with_coastal_fill.sh",33,"sea_ice_var","Mentions sea-ice concentration or SImon table.","GLORYS_BASELINE_VARS=""${GLORYS_BASELINE_VARS:-thetao so uo vo zos mlotst siconc}"""
"scripts/runners/ipcc_esgf_to_hindcast/run_add_anomaly_to_baseline_with_coastal_fill.sh",33,"two_dimensional_var","Mentions 2D variables that should not go through vertical interpolation.","GLORYS_BASELINE_VARS=""${GLORYS_BASELINE_VARS:-thetao so uo vo zos mlotst siconc}"""
"scripts/runners/ipcc_esgf_to_hindcast/run_add_anomaly_to_baseline_with_coastal_fill.sh",34,"hardcoded_chl_o2","May contain hard-coded variable lists that need expansion beyond chl/o2.","HINDCAST_BASELINE_VARS=""${HINDCAST_BASELINE_VARS:-chl o2 ph}"""
"scripts/runners/ipcc_esgf_to_hindcast/run_add_anomaly_to_baseline_with_coastal_fill.sh",136,"member_auto_logic","Uses or resolves member/variant labels.","echo ""WARN: Delta directory not found, skipping MODEL=${model} MEMBER=${member} SCENARIO=${scenario} VAR=${var} STAGE=${expected_delta_stage}"""
"scripts/runners/ipcc_esgf/run_climatology_window.sh",20,"new_ipcc_root","References new IPCC/ESGF root.","#       /home/SB5/ipcc_esgf/monthly_1deg/<model>/<member>/<scenario>/<variable>/on_glorys/*.nc"
"scripts/runners/ipcc_esgf/run_climatology_window.sh",20,"stage_requires_on_glorys","Assumes an on_glorys stage; 2D variables may need to skip vertical interpolation.","#       /home/SB5/ipcc_esgf/monthly_1deg/<model>/<member>/<scenario>/<variable>/on_glorys/*.nc"
"scripts/runners/ipcc_esgf/run_climatology_window.sh",22,"new_ipcc_root","References new IPCC/ESGF root.","#       /home/SB5/ipcc_esgf/monthly_1deg/<model>/<member>/<scenario>/<variable>/parts/*.nc"
"scripts/runners/ipcc_esgf/run_climatology_window.sh",22,"stage_requires_parts","Assumes a parts stage from monthly regridding.","#       /home/SB5/ipcc_esgf/monthly_1deg/<model>/<member>/<scenario>/<variable>/parts/*.nc"
"scripts/runners/ipcc_esgf/run_climatology_window.sh",40,"hardcoded_chl_o2","May contain hard-coded variable lists that need expansion beyond chl/o2.","o2"
"scripts/runners/ipcc_esgf/run_climatology_window.sh",41,"hardcoded_chl_o2","May contain hard-coded variable lists that need expansion beyond chl/o2.","chl"
"scripts/runners/ipcc_esgf/run_climatology_window.sh",45,"two_dimensional_var","Mentions 2D variables that should not go through vertical interpolation.","zos"
"scripts/runners/ipcc_esgf/run_climatology_window.sh",46,"two_dimensional_var","Mentions 2D variables that should not go through vertical interpolation.","mlotst"
"scripts/runners/ipcc_esgf/run_climatology_window.sh",47,"sea_ice_var","Mentions sea-ice concentration or SImon table.","siconc"
"scripts/runners/ipcc_esgf/run_climatology_window.sh",80,"two_dimensional_var","Mentions 2D variables that should not go through vertical interpolation.","zos"
"scripts/runners/ipcc_esgf/run_climatology_window.sh",81,"two_dimensional_var","Mentions 2D variables that should not go through vertical interpolation.","mlotst"
"scripts/runners/ipcc_esgf/run_climatology_window.sh",82,"sea_ice_var","Mentions sea-ice concentration or SImon table.","siconc"
"scripts/runners/ipcc_esgf/run_climatology_window.sh",89,"new_ipcc_root","References new IPCC/ESGF root.","IPCC_ESGF_ROOT=""${IPCC_ESGF_ROOT:-/home/SB5/ipcc_esgf}"""
"scripts/runners/ipcc_esgf/run_climatology_window.sh",91,"member_auto_logic","Uses or resolves member/variant labels.","MEMBER=""${MEMBER:-auto}"""
"scripts/runners/ipcc_esgf/run_climatology_window.sh",98,"future_windows_missing_2030","Mentions 2030-2040 support. Absence in future-window runners is a review flag.","FUT2030_WINDOW_START=""2030-01-01"""
"scripts/runners/ipcc_esgf/run_climatology_window.sh",99,"future_windows_missing_2030","Mentions 2030-2040 support. Absence in future-window runners is a review flag.","FUT2030_WINDOW_END=""2040-12-31"""
"scripts/runners/ipcc_esgf/run_climatology_window.sh",110,"stage_requires_on_glorys","Assumes an on_glorys stage; 2D variables may need to skip vertical interpolation.","ipcc_esgf_discover_monthly_groups_any_layout ""${INROOT_BASE}"" ""on_glorys"""
"scripts/runners/ipcc_esgf/run_climatology_window.sh",111,"stage_requires_parts","Assumes a parts stage from monthly regridding.","ipcc_esgf_discover_monthly_groups_any_layout ""${INROOT_BASE}"" ""parts"""
"scripts/runners/ipcc_esgf/run_climatology_window.sh",139,"stage_requires_on_glorys","Assumes an on_glorys stage; 2D variables may need to skip vertical interpolation.","source_subdir=""on_glorys"""
"scripts/runners/ipcc_esgf/run_climatology_window.sh",141,"stage_requires_parts","Assumes a parts stage from monthly regridding.","source_subdir=""parts"""
"scripts/runners/ipcc_esgf/run_climatology_window.sh",145,"member_auto_logic","Uses or resolves member/variant labels.","echo ""  WARN: ${source_subdir} input not found, skipping MODEL=${model} MEMBER=${member} SCENARIO=${scen} VAR=${v}"""
"scripts/runners/ipcc_esgf/run_climatology_window.sh",154,"member_auto_logic","Uses or resolves member/variant labels.","member=""$(ipcc_esgf_resolve_member ""$IN_DIR"" ""$file_glob"")"" || {"
"scripts/runners/ipcc_esgf/run_climatology_window.sh",180,"member_auto_logic","Uses or resolves member/variant labels.","echo ""  submitted MODEL=${model} SCENARIO=${scen} MEMBER=${member} VAR=${v} WINDOW=baseline as jobid=${jid}"""
"scripts/runners/ipcc_esgf/run_climatology_window.sh",183,"future_windows_missing_2030","Mentions 2030-2040 support. Absence in future-window runners is a review flag.","if contains_filter_value ""2030-2040"" ""${WINDOWS[@]}""; then"
"scripts/runners/ipcc_esgf/run_climatology_window.sh",190,"future_windows_missing_2030","Mentions 2030-2040 support. Absence in future-window runners is a review flag.","WINDOW_START=""$FUT2030_WINDOW_START"" \"
"scripts/runners/ipcc_esgf/run_climatology_window.sh",191,"future_windows_missing_2030","Mentions 2030-2040 support. Absence in future-window runners is a review flag.","WINDOW_END=""$FUT2030_WINDOW_END"" \"
"scripts/runners/ipcc_esgf/run_climatology_window.sh",198,"future_windows_missing_2030","Mentions 2030-2040 support. Absence in future-window runners is a review flag.","echo ""  submitted MODEL=${model} SCENARIO=${scen} MEMBER=${member} VAR=${v} WINDOW=2030-2040 as jobid=${jid2030}"""
"scripts/runners/ipcc_esgf/run_climatology_window.sh",198,"member_auto_logic","Uses or resolves member/variant labels.","echo ""  submitted MODEL=${model} SCENARIO=${scen} MEMBER=${member} VAR=${v} WINDOW=2030-2040 as jobid=${jid2030}"""
"scripts/runners/ipcc_esgf/run_climatology_window.sh",216,"member_auto_logic","Uses or resolves member/variant labels.","echo ""  submitted MODEL=${model} SCENARIO=${scen} MEMBER=${member} VAR=${v} WINDOW=2050-2060 as jobid=${jid2050}"""
"scripts/runners/ipcc_esgf/run_climatology_window.sh",234,"member_auto_logic","Uses or resolves member/variant labels.","echo ""  submitted MODEL=${model} SCENARIO=${scen} MEMBER=${member} VAR=${v} WINDOW=2090-2100 as jobid=${jid2090}"""
"scripts/runners/ipcc_esgf/run_delta_from_climatologies.sh",28,"new_ipcc_root","References new IPCC/ESGF root.","#       /home/SB5/ipcc_esgf/monthly_1deg/<model>/<member>/historical/<var>/clim_windows/*.nc"
"scripts/runners/ipcc_esgf/run_delta_from_climatologies.sh",29,"new_ipcc_root","References new IPCC/ESGF root.","#       /home/SB5/ipcc_esgf/monthly_1deg/<model>/<member>/<ssp-scenario>/<var>/clim_windows/*.nc"
"scripts/runners/ipcc_esgf/run_delta_from_climatologies.sh",46,"hardcoded_chl_o2","May contain hard-coded variable lists that need expansion beyond chl/o2.","o2"
"scripts/runners/ipcc_esgf/run_delta_from_climatologies.sh",47,"hardcoded_chl_o2","May contain hard-coded variable lists that need expansion beyond chl/o2.","chl"
"scripts/runners/ipcc_esgf/run_delta_from_climatologies.sh",51,"two_dimensional_var","Mentions 2D variables that should not go through vertical interpolation.","zos"
"scripts/runners/ipcc_esgf/run_delta_from_climatologies.sh",52,"two_dimensional_var","Mentions 2D variables that should not go through vertical interpolation.","mlotst"
"scripts/runners/ipcc_esgf/run_delta_from_climatologies.sh",53,"sea_ice_var","Mentions sea-ice concentration or SImon table.","siconc"
"scripts/runners/ipcc_esgf/run_delta_from_climatologies.sh",57,"sea_ice_var","Mentions sea-ice concentration or SImon table.","read -r -a GLORYS_BASELINE_VAR_LIST <<< ""${GLORYS_BASELINE_VARS:-thetao so uo vo zos mlotst siconc}"""
"scripts/runners/ipcc_esgf/run_delta_from_climatologies.sh",57,"two_dimensional_var","Mentions 2D variables that should not go through vertical interpolation.","read -r -a GLORYS_BASELINE_VAR_LIST <<< ""${GLORYS_BASELINE_VARS:-thetao so uo vo zos mlotst siconc}"""
"scripts/runners/ipcc_esgf/run_delta_from_climatologies.sh",58,"hardcoded_chl_o2","May contain hard-coded variable lists that need expansion beyond chl/o2.","read -r -a HINDCAST_BASELINE_VAR_LIST <<< ""${HINDCAST_BASELINE_VARS:-chl o2 ph}"""
"scripts/runners/ipcc_esgf/run_delta_from_climatologies.sh",63,"hardcoded_chl_o2","May contain hard-coded variable lists that need expansion beyond chl/o2.","DELTA_MODE_SPEC=""${DELTA_MODE_SPEC:-chl=log_ratio}"""
"scripts/runners/ipcc_esgf/run_delta_from_climatologies.sh",65,"hardcoded_chl_o2","May contain hard-coded variable lists that need expansion beyond chl/o2.","LOG_RATIO_FLOOR_SPEC=""${LOG_RATIO_FLOOR_SPEC:-chl=1e-12}"""
"scripts/runners/ipcc_esgf/run_delta_from_climatologies.sh",67,"hardcoded_chl_o2","May contain hard-coded variable lists that need expansion beyond chl/o2.","LOG_RATIO_INVALID_POLICY_SPEC=""${LOG_RATIO_INVALID_POLICY_SPEC:-chl=no_change}"""
"scripts/runners/ipcc_esgf/run_delta_from_climatologies.sh",132,"new_ipcc_root","References new IPCC/ESGF root.","IPCC_ESGF_ROOT=""${IPCC_ESGF_ROOT:-/home/SB5/ipcc_esgf}"""
"scripts/runners/ipcc_esgf/run_delta_from_climatologies.sh",140,"future_windows_missing_2030","Mentions 2030-2040 support. Absence in future-window runners is a review flag.","2030-2040"
"scripts/runners/ipcc_esgf/run_delta_from_climatologies.sh",145,"member_auto_logic","Uses or resolves member/variant labels.","MEMBER=""${MEMBER:-auto}"""
"scripts/runners/ipcc_esgf/run_delta_from_climatologies.sh",205,"member_auto_logic","Uses or resolves member/variant labels.","echo ""WARN: Historical climatology directory not found, skipping MODEL=${model} MEMBER=${member} VAR=${v}"""
"scripts/runners/ipcc_esgf/run_delta_from_climatologies.sh",210,"member_auto_logic","Uses or resolves member/variant labels.","echo ""WARN: SSP climatology directory not found, skipping MODEL=${model} MEMBER=${member} SCENARIO=${scen} VAR=${v}"""
"scripts/runners/ipcc_esgf/run_delta_from_climatologies.sh",309,"member_auto_logic","Uses or resolves member/variant labels.","echo ""  submitted MODEL=${model} SCENARIO=${scen} MEMBER=${member} VAR=${v} WINDOW=${future_tag} TARGET=${target_family} DELTA_MODE=${delta_mode} LOG_RATIO_FLOOR=${log_ratio_floor} LOG_RATIO_POLICY=${log_ratio_invalid_policy} REGRID_DELTA=${regrid_delta} as jobid=${jid}"""
"scripts/runners/ipcc_esgf/run_fetch_cmip6_manifest.slurm.sh",11,"new_ipcc_root","References new IPCC/ESGF root.","#    - Download selected files into the agreed /home/SB5/ipcc_esgf/downloads tree"
"scripts/runners/ipcc_esgf/run_fetch_cmip6_manifest.slurm.sh",35,"sea_ice_var","Mentions sea-ice concentration or SImon table.","MANIFEST=""${MANIFEST:-data/manifests/ipcc_esgf_nci_cmip6_ocean_plus_siconc_wget_manifest.csv}"""
"scripts/runners/ipcc_esgf/run_fetch_cmip6_manifest.slurm.sh",36,"new_ipcc_root","References new IPCC/ESGF root.","OUT_ROOT=""${OUT_ROOT:-/home/SB5/ipcc_esgf/downloads}"""
"scripts/runners/ipcc_esgf/run_one_model_smoke_test.sh",26,"hardcoded_chl_o2","May contain hard-coded variable lists that need expansion beyond chl/o2.","SMOKE_VARS=""${SMOKE_VARS:-thetao chl siconc}"""
"scripts/runners/ipcc_esgf/run_one_model_smoke_test.sh",26,"sea_ice_var","Mentions sea-ice concentration or SImon table.","SMOKE_VARS=""${SMOKE_VARS:-thetao chl siconc}"""
"scripts/runners/ipcc_esgf/run_one_model_smoke_test.sh",28,"member_auto_logic","Uses or resolves member/variant labels.","SMOKE_MEMBER=""${SMOKE_MEMBER:-auto}"""
"scripts/runners/ipcc_esgf/run_one_model_smoke_test.sh",36,"stage_requires_parts","Assumes a parts stage from monthly regridding.","TARGET_REF_FILE=""${TARGET_REF_FILE:-${GLORYS_ROOT}/thetao/parts/glorys12v1_thetao_200601.monmean.0p05.nc}"""
"scripts/runners/ipcc_esgf/run_one_model_smoke_test.sh",67,"member_auto_logic","Uses or resolves member/variant labels.","MEMBER=""${SMOKE_MEMBER}"" \"
"scripts/runners/ipcc_esgf/run_one_model_smoke_test.sh",72,"stage_requires_parts","Assumes a parts stage from monthly regridding.","run_or_print ""unit/depth audit on standardized monthly parts"" \"
"scripts/runners/ipcc_esgf/run_one_model_smoke_test.sh",78,"stage_requires_parts","Assumes a parts stage from monthly regridding.","FILE_STAGE=""parts"" \"
"scripts/runners/ipcc_esgf/run_one_model_smoke_test.sh",93,"member_auto_logic","Uses or resolves member/variant labels.","MEMBER=""${SMOKE_MEMBER}"" \"
"scripts/runners/ipcc_esgf/run_one_model_smoke_test.sh",104,"member_auto_logic","Uses or resolves member/variant labels.","MEMBER=""${SMOKE_MEMBER}"" \"
"scripts/runners/ipcc_esgf/run_one_model_smoke_test.sh",115,"member_auto_logic","Uses or resolves member/variant labels.","MEMBER=""${SMOKE_MEMBER}"" \"
"scripts/runners/ipcc_esgf/run_one_model_smoke_test.sh",126,"member_auto_logic","Uses or resolves member/variant labels.","MEMBER=""${SMOKE_MEMBER}"" \"
"scripts/runners/ipcc_esgf/run_temporal_aggregate_regrid.sh",28,"new_ipcc_root","References new IPCC/ESGF root.","#       /home/SB5/ipcc_esgf/downloads/<model>/<member>/<scenario>/<variable>/*.nc"
"scripts/runners/ipcc_esgf/run_temporal_aggregate_regrid.sh",30,"new_ipcc_root","References new IPCC/ESGF root.","#       /home/SB5/ipcc_esgf_downloads/<scenario>/<variable>/*.nc"
"scripts/runners/ipcc_esgf/run_temporal_aggregate_regrid.sh",30,"old_ipcc_download_root","References legacy IPCC/ESGF download root.","#       /home/SB5/ipcc_esgf_downloads/<scenario>/<variable>/*.nc"
"scripts/runners/ipcc_esgf/run_temporal_aggregate_regrid.sh",32,"new_ipcc_root","References new IPCC/ESGF root.","#       /home/SB5/ipcc_esgf/monthly_1deg/<model>/<member>/<scenario>/<variable>/parts/*.nc"
"scripts/runners/ipcc_esgf/run_temporal_aggregate_regrid.sh",32,"stage_requires_parts","Assumes a parts stage from monthly regridding.","#       /home/SB5/ipcc_esgf/monthly_1deg/<model>/<member>/<scenario>/<variable>/parts/*.nc"
"scripts/runners/ipcc_esgf/run_temporal_aggregate_regrid.sh",46,"hardcoded_chl_o2","May contain hard-coded variable lists that need expansion beyond chl/o2.","o2"
"scripts/runners/ipcc_esgf/run_temporal_aggregate_regrid.sh",47,"hardcoded_chl_o2","May contain hard-coded variable lists that need expansion beyond chl/o2.","chl"
"scripts/runners/ipcc_esgf/run_temporal_aggregate_regrid.sh",51,"two_dimensional_var","Mentions 2D variables that should not go through vertical interpolation.","zos"
"scripts/runners/ipcc_esgf/run_temporal_aggregate_regrid.sh",52,"two_dimensional_var","Mentions 2D variables that should not go through vertical interpolation.","mlotst"
"scripts/runners/ipcc_esgf/run_temporal_aggregate_regrid.sh",53,"sea_ice_var","Mentions sea-ice concentration or SImon table.","siconc"
"scripts/runners/ipcc_esgf/run_temporal_aggregate_regrid.sh",88,"new_ipcc_root","References new IPCC/ESGF root.","IPCC_ESGF_ROOT=""${IPCC_ESGF_ROOT:-/home/SB5/ipcc_esgf}"""
"scripts/runners/ipcc_esgf/run_temporal_aggregate_regrid.sh",95,"stage_requires_parts","Assumes a parts stage from monthly regridding.","PARTS_SUBDIR=""parts"""
"scripts/runners/ipcc_esgf/run_temporal_aggregate_regrid.sh",100,"member_auto_logic","Uses or resolves member/variant labels.","MEMBER=""${MEMBER:-auto}"""
"scripts/runners/ipcc_esgf/run_temporal_aggregate_regrid.sh",154,"member_auto_logic","Uses or resolves member/variant labels.","echo ""  WARN: No input files found for MODEL=${model} SCENARIO=${scen} MEMBER=${member} VAR=${v}"""
"scripts/runners/ipcc_esgf/run_temporal_aggregate_regrid.sh",158,"member_auto_logic","Uses or resolves member/variant labels.","resolved_member=""$(ipcc_esgf_resolve_member ""$INROOT"" ""${v}_*_${model}_${scen}_*_*.nc"")"" || {"
"scripts/runners/ipcc_esgf/run_temporal_aggregate_regrid.sh",189,"member_auto_logic","Uses or resolves member/variant labels.","echo ""  submitted MODEL=${model} SCENARIO=${scen} MEMBER=${member} VAR=${v} TABLE=${table_id} GRID=${source_grid} as jobid=${jid}"""
"scripts/runners/ipcc_esgf/run_vertical_interpolate_to_reference.sh",22,"new_ipcc_root","References new IPCC/ESGF root.","#       /home/SB5/ipcc_esgf/monthly_1deg/<model>/<member>/<scenario>/<var>/parts/*.nc"
"scripts/runners/ipcc_esgf/run_vertical_interpolate_to_reference.sh",22,"stage_requires_parts","Assumes a parts stage from monthly regridding.","#       /home/SB5/ipcc_esgf/monthly_1deg/<model>/<member>/<scenario>/<var>/parts/*.nc"
"scripts/runners/ipcc_esgf/run_vertical_interpolate_to_reference.sh",24,"new_ipcc_root","References new IPCC/ESGF root.","#       /home/SB5/ipcc_esgf/monthly_1deg/<model>/<member>/<scenario>/<var>/on_glorys/"
"scripts/runners/ipcc_esgf/run_vertical_interpolate_to_reference.sh",24,"stage_requires_on_glorys","Assumes an on_glorys stage; 2D variables may need to skip vertical interpolation.","#       /home/SB5/ipcc_esgf/monthly_1deg/<model>/<member>/<scenario>/<var>/on_glorys/"
"scripts/runners/ipcc_esgf/run_vertical_interpolate_to_reference.sh",25,"sea_ice_var","Mentions sea-ice concentration or SImon table.","#   - 2D variables such as zos, mlotst, and siconc should skip this stage."
"scripts/runners/ipcc_esgf/run_vertical_interpolate_to_reference.sh",25,"two_dimensional_var","Mentions 2D variables that should not go through vertical interpolation.","#   - 2D variables such as zos, mlotst, and siconc should skip this stage."
"scripts/runners/ipcc_esgf/run_vertical_interpolate_to_reference.sh",39,"hardcoded_chl_o2","May contain hard-coded variable lists that need expansion beyond chl/o2.","o2"
"scripts/runners/ipcc_esgf/run_vertical_interpolate_to_reference.sh",40,"hardcoded_chl_o2","May contain hard-coded variable lists that need expansion beyond chl/o2.","chl"
"scripts/runners/ipcc_esgf/run_vertical_interpolate_to_reference.sh",51,"two_dimensional_var","Mentions 2D variables that should not go through vertical interpolation.","zos"
"scripts/runners/ipcc_esgf/run_vertical_interpolate_to_reference.sh",52,"two_dimensional_var","Mentions 2D variables that should not go through vertical interpolation.","mlotst"
"scripts/runners/ipcc_esgf/run_vertical_interpolate_to_reference.sh",53,"sea_ice_var","Mentions sea-ice concentration or SImon table.","siconc"
"scripts/runners/ipcc_esgf/run_vertical_interpolate_to_reference.sh",84,"new_ipcc_root","References new IPCC/ESGF root.","IPCC_ESGF_ROOT=""${IPCC_ESGF_ROOT:-/home/SB5/ipcc_esgf}"""
"scripts/runners/ipcc_esgf/run_vertical_interpolate_to_reference.sh",86,"stage_requires_parts","Assumes a parts stage from monthly regridding.","TARGET_REF_FILE=""${TARGET_REF_FILE:-/home/SB5/reanalysis/glorys12v1/monthly_0p05/thetao/parts/glorys12v1_thetao_200601.monmean.0p05.nc}"""
"scripts/runners/ipcc_esgf/run_vertical_interpolate_to_reference.sh",93,"stage_requires_on_glorys","Assumes an on_glorys stage; 2D variables may need to skip vertical interpolation.","OUT_SUFFIX=""on_glorys"""
"scripts/runners/ipcc_esgf/run_vertical_interpolate_to_reference.sh",95,"member_auto_logic","Uses or resolves member/variant labels.","MEMBER=""${MEMBER:-auto}"""
"scripts/runners/ipcc_esgf/run_vertical_interpolate_to_reference.sh",100,"stage_requires_parts","Assumes a parts stage from monthly regridding.","mapfile -t DISCOVERED_GROUPS < <(ipcc_esgf_discover_monthly_groups_any_layout ""${INROOT_BASE}"" ""parts"" | sort -u)"
"scripts/runners/ipcc_esgf/run_vertical_interpolate_to_reference.sh",103,"stage_requires_parts","Assumes a parts stage from monthly regridding.","echo ""ERROR: No model/member/scenario/variable parts directories discovered under: ${INROOT_BASE}"""
"scripts/runners/ipcc_esgf/run_vertical_interpolate_to_reference.sh",115,"member_auto_logic","Uses or resolves member/variant labels.","echo ""  skipping 2D variable for vertical interpolation: MODEL=${model} MEMBER=${member} SCENARIO=${scen} VAR=${v}"""
"scripts/runners/ipcc_esgf/run_vertical_interpolate_to_reference.sh",131,"stage_requires_parts","Assumes a parts stage from monthly regridding.","if ! IN_DIR=""$(ipcc_esgf_monthly_stage_dir_for_group ""$INROOT_BASE"" ""$model"" ""$member"" ""$scen"" ""$v"" ""parts"")""; then"
"scripts/runners/ipcc_esgf/run_vertical_interpolate_to_reference.sh",132,"member_auto_logic","Uses or resolves member/variant labels.","echo ""  WARN: Input directory not found, skipping MODEL=${model} MEMBER=${member} SCENARIO=${scen} VAR=${v}"""
"scripts/runners/ipcc_esgf/run_vertical_interpolate_to_reference.sh",137,"stage_requires_on_glorys","Assumes an on_glorys stage; 2D variables may need to skip vertical interpolation.","OUT_DIR=""${VAR_DIR}/on_glorys"""
"scripts/runners/ipcc_esgf/run_vertical_interpolate_to_reference.sh",141,"member_auto_logic","Uses or resolves member/variant labels.","member=""$(ipcc_esgf_resolve_member ""$IN_DIR"" ""$file_glob"")"" || {"
"scripts/runners/ipcc_esgf/run_vertical_interpolate_to_reference.sh",168,"member_auto_logic","Uses or resolves member/variant labels.","echo ""  submitted MODEL=${model} SCENARIO=${scen} MEMBER=${member} VAR=${v} as jobid=${jid}"""
"scripts/runners/products/run_build_ocean_downscaling_ensemble_products.sh",25,"hardcoded_chl_o2","May contain hard-coded variable lists that need expansion beyond chl/o2.","VARS=""${VARS:-thetao so ph o2 chl uo vo zooc zos mlotst siconc}"""
"scripts/runners/products/run_build_ocean_downscaling_ensemble_products.sh",25,"sea_ice_var","Mentions sea-ice concentration or SImon table.","VARS=""${VARS:-thetao so ph o2 chl uo vo zooc zos mlotst siconc}"""
"scripts/runners/products/run_build_ocean_downscaling_ensemble_products.sh",25,"two_dimensional_var","Mentions 2D variables that should not go through vertical interpolation.","VARS=""${VARS:-thetao so ph o2 chl uo vo zooc zos mlotst siconc}"""
"scripts/runners/products/run_build_ocean_downscaling_ensemble_products.sh",26,"future_windows_missing_2030","Mentions 2030-2040 support. Absence in future-window runners is a review flag.","WINDOWS=""${WINDOWS:-2030-2040 2050-2060 2090-2100}"""
"scripts/runners/products/run_derive_current_speed_products.sh",23,"future_windows_missing_2030","Mentions 2030-2040 support. Absence in future-window runners is a review flag.","WINDOWS=""${WINDOWS:-2030-2040 2050-2060 2090-2100}"""
"scripts/runners/products/run_fill_hindcast_baseline_coastal_gaps.sh",38,"hardcoded_chl_o2","May contain hard-coded variable lists that need expansion beyond chl/o2.","VARS=""${VARS:-chl o2 zos}"""
"scripts/runners/products/run_fill_hindcast_baseline_coastal_gaps.sh",38,"two_dimensional_var","Mentions 2D variables that should not go through vertical interpolation.","VARS=""${VARS:-chl o2 zos}"""
"scripts/runners/products/run_organize_ocean_downscaling_products.sh",51,"hardcoded_chl_o2","May contain hard-coded variable lists that need expansion beyond chl/o2.","COASTAL_FILLED_BASELINE_VARS=""${COASTAL_FILLED_BASELINE_VARS:-chl o2}"""
"scripts/runners/products/run_organize_ocean_downscaling_products.sh",53,"hardcoded_chl_o2","May contain hard-coded variable lists that need expansion beyond chl/o2.","VARS=""${VARS:-thetao so ph o2 chl uo vo zooc zos mlotst siconc}"""
"scripts/runners/products/run_organize_ocean_downscaling_products.sh",53,"sea_ice_var","Mentions sea-ice concentration or SImon table.","VARS=""${VARS:-thetao so ph o2 chl uo vo zooc zos mlotst siconc}"""
"scripts/runners/products/run_organize_ocean_downscaling_products.sh",53,"two_dimensional_var","Mentions 2D variables that should not go through vertical interpolation.","VARS=""${VARS:-thetao so ph o2 chl uo vo zooc zos mlotst siconc}"""
"scripts/runners/products/run_organize_ocean_downscaling_products.sh",54,"hardcoded_chl_o2","May contain hard-coded variable lists that need expansion beyond chl/o2.","BASELINE_VARS=""${BASELINE_VARS:-chl o2 ph thetao so uo vo zos mlotst siconc}"""
"scripts/runners/products/run_organize_ocean_downscaling_products.sh",54,"sea_ice_var","Mentions sea-ice concentration or SImon table.","BASELINE_VARS=""${BASELINE_VARS:-chl o2 ph thetao so uo vo zos mlotst siconc}"""
"scripts/runners/products/run_organize_ocean_downscaling_products.sh",54,"two_dimensional_var","Mentions 2D variables that should not go through vertical interpolation.","BASELINE_VARS=""${BASELINE_VARS:-chl o2 ph thetao so uo vo zos mlotst siconc}"""
"scripts/runners/products/run_organize_ocean_downscaling_products.sh",55,"future_windows_missing_2030","Mentions 2030-2040 support. Absence in future-window runners is a review flag.","WINDOWS=""${WINDOWS:-2030-2040 2050-2060 2090-2100}"""
"scripts/runners/products/run_stage_ocean_downscaling_sample_products.sh",28,"member_auto_logic","Uses or resolves member/variant labels.","MEMBER=""${MEMBER:-001}"""
"scripts/runners/products/run_stage_ocean_downscaling_sample_products.sh",116,"member_auto_logic","Uses or resolves member/variant labels.","--export=ALL,LAYERS_SOURCE_ROOT=""${LAYERS_SOURCE_ROOT}"",PELAGIC_SOURCE_ROOT=""${PELAGIC_SOURCE_ROOT}"",DEPTHS_SOURCE_ROOT=""${DEPTHS_SOURCE_ROOT}"",STAGE_ROOT=""${STAGE_ROOT}"",RESOLUTION=""${RESOLUTION}"",PRODUCT_FAMILIES=""${PRODUCT_FAMILIES}"",MEMBER=""${MEMBER}"",PHYSICAL_VARS=""${PHYSICAL_VARS}"",EXTENSIONS=""${EXTENSIONS}"",DRY_RUN=""${DRY_RUN}"",OVERWRITE=""${OVERWRITE}"",STAGE_MANIFESTS=""${STAGE_MANIFESTS}"",CLEAN_STAGE_ROOT=""${CLEAN_STAGE_ROOT}"",STAGE_DEPTHS=""${STAGE_DEPTHS}"",EXCLUDE_FUTURE_MODELS=""${EXCLUDE_FUTURE_MODELS}"",EXCLUDE_FUTURE_SCENARIOS=""${EXCLUDE_FUTURE_SCENARIOS}"" \"
"scripts/tools/audit_downscaled_products.sh",52,"hardcoded_chl_o2","May contain hard-coded variable lists that need expansion beyond chl/o2.","VARS=""${VARS:-thetao so uo vo zos mlotst siconc chl o2 ph}"""
"scripts/tools/audit_downscaled_products.sh",52,"sea_ice_var","Mentions sea-ice concentration or SImon table.","VARS=""${VARS:-thetao so uo vo zos mlotst siconc chl o2 ph}"""
"scripts/tools/audit_downscaled_products.sh",52,"two_dimensional_var","Mentions 2D variables that should not go through vertical interpolation.","VARS=""${VARS:-thetao so uo vo zos mlotst siconc chl o2 ph}"""
"scripts/tools/audit_downscaled_products.sh",64,"sea_ice_var","Mentions sea-ice concentration or SImon table.","GLORYS_BASELINE_VARS=""${GLORYS_BASELINE_VARS:-thetao so uo vo zos mlotst siconc}"""
"scripts/tools/audit_downscaled_products.sh",64,"two_dimensional_var","Mentions 2D variables that should not go through vertical interpolation.","GLORYS_BASELINE_VARS=""${GLORYS_BASELINE_VARS:-thetao so uo vo zos mlotst siconc}"""
"scripts/tools/audit_downscaled_products.sh",65,"hardcoded_chl_o2","May contain hard-coded variable lists that need expansion beyond chl/o2.","HINDCAST_BASELINE_VARS=""${HINDCAST_BASELINE_VARS:-chl o2 ph}"""
"scripts/tools/audit_ocean_downscaling_product_integrity.sh",72,"stage_requires_parts","Assumes a parts stage from monthly regridding.","parts = re.split(r""[/_.-]+"", filename)"
"scripts/tools/audit_ocean_downscaling_product_integrity.sh",73,"stage_requires_parts","Assumes a parts stage from monthly regridding.","return token in parts or token in filename"
"scripts/tools/audit_ocean_downscaling_product_integrity.sh",237,"stage_requires_parts","Assumes a parts stage from monthly regridding.","_, var, resolution = rel.parts[:3]"
"scripts/tools/audit_ocean_downscaling_product_integrity.sh",258,"stage_requires_parts","Assumes a parts stage from monthly regridding.","model, member, scenario, var, window, resolution = rel.parts[:6]"
"scripts/tools/audit_units_and_depths.sh",28,"new_ipcc_root","References new IPCC/ESGF root.","#                    (default: /home/SB5/ipcc_esgf/monthly_1deg)"
"scripts/tools/audit_units_and_depths.sh",41,"stage_requires_on_glorys","Assumes an on_glorys stage; 2D variables may need to skip vertical interpolation.","#   FILE_STAGE     : source stage to inspect: parts | on_glorys | clim_windows"
"scripts/tools/audit_units_and_depths.sh",41,"stage_requires_parts","Assumes a parts stage from monthly regridding.","#   FILE_STAGE     : source stage to inspect: parts | on_glorys | clim_windows"
"scripts/tools/audit_units_and_depths.sh",42,"stage_requires_parts","Assumes a parts stage from monthly regridding.","#                    (default: parts)"
"scripts/tools/audit_units_and_depths.sh",50,"new_ipcc_root","References new IPCC/ESGF root.","IPCC_ROOT=""${IPCC_ROOT:-/home/SB5/ipcc_esgf/monthly_1deg}"""
"scripts/tools/audit_units_and_depths.sh",58,"hardcoded_chl_o2","May contain hard-coded variable lists that need expansion beyond chl/o2.","VARS=""${VARS:-thetao so ph o2 chl uo vo zooc zos mlotst siconc}"""
"scripts/tools/audit_units_and_depths.sh",58,"sea_ice_var","Mentions sea-ice concentration or SImon table.","VARS=""${VARS:-thetao so ph o2 chl uo vo zooc zos mlotst siconc}"""
"scripts/tools/audit_units_and_depths.sh",58,"two_dimensional_var","Mentions 2D variables that should not go through vertical interpolation.","VARS=""${VARS:-thetao so ph o2 chl uo vo zooc zos mlotst siconc}"""
"scripts/tools/audit_units_and_depths.sh",59,"stage_requires_parts","Assumes a parts stage from monthly regridding.","FILE_STAGE=""${FILE_STAGE:-parts}"""
"scripts/tools/audit_units_and_depths.sh",64,"sea_ice_var","Mentions sea-ice concentration or SImon table.","GLORYS_BASELINE_VARS=""${GLORYS_BASELINE_VARS:-thetao so uo vo zos mlotst siconc}"""
"scripts/tools/audit_units_and_depths.sh",64,"two_dimensional_var","Mentions 2D variables that should not go through vertical interpolation.","GLORYS_BASELINE_VARS=""${GLORYS_BASELINE_VARS:-thetao so uo vo zos mlotst siconc}"""
"scripts/tools/audit_units_and_depths.sh",65,"hardcoded_chl_o2","May contain hard-coded variable lists that need expansion beyond chl/o2.","HINDCAST_BASELINE_VARS=""${HINDCAST_BASELINE_VARS:-chl o2 ph}"""
"scripts/tools/audit_units_and_depths.sh",67,"stage_requires_on_glorys","Assumes an on_glorys stage; 2D variables may need to skip vertical interpolation.","if [[ ""${FILE_STAGE}"" != ""parts"" && ""${FILE_STAGE}"" != ""on_glorys"" && ""${FILE_STAGE}"" != ""clim_windows"" ]]; then"
"scripts/tools/audit_units_and_depths.sh",67,"stage_requires_parts","Assumes a parts stage from monthly regridding.","if [[ ""${FILE_STAGE}"" != ""parts"" && ""${FILE_STAGE}"" != ""on_glorys"" && ""${FILE_STAGE}"" != ""clim_windows"" ]]; then"
"scripts/tools/audit_units_and_depths.sh",68,"stage_requires_on_glorys","Assumes an on_glorys stage; 2D variables may need to skip vertical interpolation.","echo ""ERROR: FILE_STAGE must be one of: parts, on_glorys, clim_windows"" >&2"
"scripts/tools/audit_units_and_depths.sh",68,"stage_requires_parts","Assumes a parts stage from monthly regridding.","echo ""ERROR: FILE_STAGE must be one of: parts, on_glorys, clim_windows"" >&2"
"scripts/tools/audit_units_and_depths.sh",330,"sea_ice_var","Mentions sea-ice concentration or SImon table.","siconc)"
"scripts/tools/audit_units_and_depths.sh",338,"sea_ice_var","Mentions sea-ice concentration or SImon table.","printf '1,siconc source/baseline range looks compatible or inconclusive'"
"scripts/tools/audit_units_and_depths.sh",356,"hardcoded_chl_o2","May contain hard-coded variable lists that need expansion beyond chl/o2.","o2)"
"scripts/tools/audit_units_and_depths.sh",362,"hardcoded_chl_o2","May contain hard-coded variable lists that need expansion beyond chl/o2.","printf '1,o2 units look compatible or need manual review'"
"scripts/tools/audit_units_and_depths.sh",365,"hardcoded_chl_o2","May contain hard-coded variable lists that need expansion beyond chl/o2.","chl)"
"scripts/tools/audit_units_and_depths.sh",367,"hardcoded_chl_o2","May contain hard-coded variable lists that need expansion beyond chl/o2.","printf '1000000,source chlorophyll looks kg/m3 and baseline looks mg/m3'"
"scripts/tools/audit_units_and_depths.sh",369,"hardcoded_chl_o2","May contain hard-coded variable lists that need expansion beyond chl/o2.","printf '1,chl uses log-ratio for deltas; still review absolute baseline units'"
"scripts/tools/audit_units_and_depths.sh",415,"sea_ice_var","Mentions sea-ice concentration or SImon table.","siconc)"
"scripts/tools/audit_units_and_depths.sh",421,"sea_ice_var","Mentions sea-ice concentration or SImon table.","note=""target siconc is fraction and source siconc is percent; scale additive anomaly by 0.01 and bound final to [0-1]"""
"scripts/tools/audit_units_and_depths.sh",427,"sea_ice_var","Mentions sea-ice concentration or SImon table.","note=""target siconc is percent and source siconc is fraction; scale additive anomaly by 100 and bound final to [0-100]"""
"scripts/tools/audit_units_and_depths.sh",433,"sea_ice_var","Mentions sea-ice concentration or SImon table.","note=""target siconc range looks fractional and source range looks percent; scale additive anomaly by 0.01 and bound final to [0-1]"""
"scripts/tools/audit_units_and_depths.sh",439,"sea_ice_var","Mentions sea-ice concentration or SImon table.","note=""target siconc range looks percent and source range looks fractional; scale additive anomaly by 100 and bound final to [0-100]"""
"scripts/tools/audit_units_and_depths.sh",443,"sea_ice_var","Mentions sea-ice concentration or SImon table.","note=""target siconc appears fractional; bound final to [0-1]"""
"scripts/tools/audit_units_and_depths.sh",447,"sea_ice_var","Mentions sea-ice concentration or SImon table.","note=""target siconc appears percent; bound final to [0-100]"""
"scripts/tools/audit_units_and_depths.sh",451,"sea_ice_var","Mentions sea-ice concentration or SImon table.","note=""could not determine siconc target/source scale from metadata or ranges"""
"scripts/tools/audit_units_and_depths.sh",454,"two_dimensional_var","Mentions 2D variables that should not go through vertical interpolation.","mlotst)"
"scripts/tools/audit_units_and_depths.sh",464,"hardcoded_chl_o2","May contain hard-coded variable lists that need expansion beyond chl/o2.","chl)"
"scripts/tools/audit_units_and_depths.sh",468,"hardcoded_chl_o2","May contain hard-coded variable lists that need expansion beyond chl/o2.","note=""chlorophyll is nonnegative; log-ratio deltas should preserve positivity and final lower bound is scientifically valid if enabled"""
"scripts/tools/audit_units_and_depths.sh",471,"hardcoded_chl_o2","May contain hard-coded variable lists that need expansion beyond chl/o2.","o2)"
"scripts/tools/create_cog_sample_products.sh",80,"hardcoded_chl_o2","May contain hard-coded variable lists that need expansion beyond chl/o2.","#   CHL_MAX_DEPTH_M   : maximum intended ensemble chl depth in meters"
"scripts/tools/create_cog_sample_products.sh",82,"hardcoded_chl_o2","May contain hard-coded variable lists that need expansion beyond chl/o2.","#   CHL_EXAMPLE_REL   : relative path for known chl validation example"
"scripts/tools/create_cog_sample_products.sh",110,"hardcoded_chl_o2","May contain hard-coded variable lists that need expansion beyond chl/o2.","CHL_EXAMPLE_REL=""${CHL_EXAMPLE_REL:-depths/future/ensemble/model_sd/ssp585/chl/2090-2100/0p05/ocean_downscaling_ensemble_model_sd_chl_ssp585_2090-2100_0p05_depth_0130p666m.tif}"""
"scripts/tools/create_cog_sample_products.sh",440,"hardcoded_chl_o2","May contain hard-coded variable lists that need expansion beyond chl/o2.","cog_root, expect_layers, expect_depths, expect_combined, chl_max_depth, chl_example_rel = sys.argv[1:7]"
"scripts/tools/create_cog_sample_products.sh",448,"hardcoded_chl_o2","May contain hard-coded variable lists that need expansion beyond chl/o2.","depth_limit = float(chl_max_depth)"
"scripts/tools/create_cog_sample_products.sh",487,"stage_requires_parts","Assumes a parts stage from monthly regridding.","path_parts = set(os.path.relpath(dirpath, cog_root).split(os.sep))"
"scripts/tools/create_cog_sample_products.sh",488,"hardcoded_chl_o2","May contain hard-coded variable lists that need expansion beyond chl/o2.","if ""chl"" not in path_parts:"
"scripts/tools/create_cog_sample_products.sh",488,"stage_requires_parts","Assumes a parts stage from monthly regridding.","if ""chl"" not in path_parts:"
"scripts/tools/create_cog_sample_products.sh",501,"hardcoded_chl_o2","May contain hard-coded variable lists that need expansion beyond chl/o2.","f""Ensemble chl depth products deeper than {depth_limit:g} m found; first={max_bad[0]}"""
"scripts/tools/create_cog_sample_products.sh",504,"hardcoded_chl_o2","May contain hard-coded variable lists that need expansion beyond chl/o2.","example_path = os.path.join(cog_root, chl_example_rel)"
"scripts/tools/create_cog_sample_products.sh",506,"hardcoded_chl_o2","May contain hard-coded variable lists that need expansion beyond chl/o2.","raise SystemExit(f""Missing chl validation example: {example_path}"")"
"scripts/tools/create_cog_sample_products.sh",513,"hardcoded_chl_o2","May contain hard-coded variable lists that need expansion beyond chl/o2.","if row.get(""staged_relative_path"") == chl_example_rel"
"scripts/tools/create_cog_sample_products.sh",518,"hardcoded_chl_o2","May contain hard-coded variable lists that need expansion beyond chl/o2.","raise SystemExit(f""Chl validation example is missing from combined manifest: {chl_example_rel}"")"
"scripts/tools/create_cog_sample_products.sh",523,"hardcoded_chl_o2","May contain hard-coded variable lists that need expansion beyond chl/o2.","raise SystemExit(f""Unexpected chl scale_factor for example: {scale_factor}"")"
"scripts/tools/create_cog_sample_products.sh",525,"hardcoded_chl_o2","May contain hard-coded variable lists that need expansion beyond chl/o2.","raise SystemExit(f""Unexpected chl max_real for example: {max_real}; expected around 1.1425"")"
"scripts/tools/create_cog_sample_products.sh",527,"hardcoded_chl_o2","May contain hard-coded variable lists that need expansion beyond chl/o2.","print(""[VALID] tree shape, manifests, exclusions, chl depths, and chl example metadata passed"")"
"scripts/tools/export_ocean_downscaling_products_to_geotiff.sh",54,"hardcoded_chl_o2","May contain hard-coded variable lists that need expansion beyond chl/o2.","#                    thetao=100,so=100,o2=1000,chl=10000"
"scripts/tools/export_ocean_downscaling_products_to_geotiff.sh",91,"hardcoded_chl_o2","May contain hard-coded variable lists that need expansion beyond chl/o2.","SCALE_FACTORS=""${SCALE_FACTORS:-thetao=100,TEMP=100,so=100,SALT=100,uo=100,UVEL=100,vo=100,current_speed=100,o2=1000,O2=1000,chl=10000,CHL=10000}"""
"scripts/tools/export_ocean_downscaling_products_to_geotiff.sh",145,"stage_requires_parts","Assumes a parts stage from monthly regridding.","local -a path_parts"
"scripts/tools/export_ocean_downscaling_products_to_geotiff.sh",149,"stage_requires_parts","Assumes a parts stage from monthly regridding.","IFS='/' read -r -a path_parts <<< ""${rel_path}"""
"scripts/tools/export_ocean_downscaling_products_to_geotiff.sh",150,"stage_requires_parts","Assumes a parts stage from monthly regridding.","for part in ""${path_parts[@]}""; do"
"scripts/tools/export_ocean_downscaling_products_to_geotiff.sh",190,"stage_requires_parts","Assumes a parts stage from monthly regridding.","mkdir -p ""${OUT_ROOT}"" ""${TMP_DIR}"" ""${TMP_DIR}/manifest_parts"""
"scripts/tools/export_ocean_downscaling_products_to_geotiff.sh",191,"stage_requires_parts","Assumes a parts stage from monthly regridding.","rm -f ""${TMP_DIR}/manifest_parts""/*.csv"
"scripts/tools/export_ocean_downscaling_products_to_geotiff.sh",255,"stage_requires_parts","Assumes a parts stage from monthly regridding.","manifest_part=""${TMP_DIR}/manifest_parts/${manifest_key}.$$.csv"""
"scripts/tools/export_ocean_downscaling_products_to_geotiff.sh",372,"hardcoded_chl_o2","May contain hard-coded variable lists that need expansion beyond chl/o2.","known = [""thetao"", ""temp"", ""so"", ""salt"", ""uo"", ""uvel"", ""vo"", ""current_speed"", ""o2"", ""chl""]"
"scripts/tools/export_ocean_downscaling_products_to_geotiff.sh",383,"stage_requires_parts","Assumes a parts stage from monthly regridding.","parts = path.split(""/"")"
"scripts/tools/export_ocean_downscaling_products_to_geotiff.sh",384,"stage_requires_parts","Assumes a parts stage from monthly regridding.","lower_parts = [part.lower() for part in parts]"
"scripts/tools/export_ocean_downscaling_products_to_geotiff.sh",387,"stage_requires_parts","Assumes a parts stage from monthly regridding.","if ""future"" not in lower_parts or ""rcp85"" not in lower_parts:"
"scripts/tools/export_ocean_downscaling_products_to_geotiff.sh",389,"stage_requires_parts","Assumes a parts stage from monthly regridding.","if ""cesm_f09_g16"" not in lower_parts:"
"scripts/tools/export_ocean_downscaling_products_to_geotiff.sh",391,"stage_requires_parts","Assumes a parts stage from monthly regridding.","if ""uo"" not in lower_parts:"
"scripts/tools/export_ocean_downscaling_products_to_geotiff.sh",745,"stage_requires_parts","Assumes a parts stage from monthly regridding.","mapfile -t manifest_parts < <(find ""${TMP_DIR}/manifest_parts"" -type f -name ""*.csv"" | sort)"
"scripts/tools/export_ocean_downscaling_products_to_geotiff.sh",748,"stage_requires_parts","Assumes a parts stage from monthly regridding.","echo ""[WARN] Expected files: ${#files[@]}; manifest parts created: ${#manifest_parts[@]}"""
"scripts/tools/export_ocean_downscaling_products_to_geotiff.sh",749,"stage_requires_parts","Assumes a parts stage from monthly regridding.","if (( ${#manifest_parts[@]} != ${#files[@]} )); then"
"scripts/tools/export_ocean_downscaling_products_to_geotiff.sh",753,"stage_requires_parts","Assumes a parts stage from monthly regridding.","echo ""[WARN] All expected manifest parts exist, so continuing to manifest assembly."""
"scripts/tools/export_ocean_downscaling_products_to_geotiff.sh",758,"stage_requires_parts","Assumes a parts stage from monthly regridding.","first_part=""${manifest_parts[0]:-}"""
"scripts/tools/export_ocean_downscaling_products_to_geotiff.sh",760,"stage_requires_parts","Assumes a parts stage from monthly regridding.","echo ""ERROR: No manifest parts were created"""
"scripts/tools/export_ocean_downscaling_products_to_geotiff.sh",765,"stage_requires_parts","Assumes a parts stage from monthly regridding.","for part in ""${manifest_parts[@]}""; do"
"scripts/tools/export_ocean_downscaling_products_to_parquet.sh",134,"stage_requires_parts","Assumes a parts stage from monthly regridding.","local -a path_parts"
"scripts/tools/export_ocean_downscaling_products_to_parquet.sh",138,"stage_requires_parts","Assumes a parts stage from monthly regridding.","IFS='/' read -r -a path_parts <<< ""${rel_path}"""
"scripts/tools/export_ocean_downscaling_products_to_parquet.sh",139,"stage_requires_parts","Assumes a parts stage from monthly regridding.","for part in ""${path_parts[@]}""; do"
"scripts/tools/export_ocean_downscaling_products_to_parquet.sh",269,"two_dimensional_var","Mentions 2D variables that should not go through vertical interpolation.","""mlotst"": ""mixed_layer"","
"scripts/tools/export_ocean_downscaling_products_to_parquet.sh",270,"sea_ice_var","Mentions sea-ice concentration or SImon table.","""siconc"": ""surface"","
"scripts/tools/export_ocean_downscaling_products_to_parquet.sh",271,"two_dimensional_var","Mentions 2D variables that should not go through vertical interpolation.","""zos"": ""surface"","
"scripts/tools/export_ocean_downscaling_products_to_parquet.sh",279,"stage_requires_parts","Assumes a parts stage from monthly regridding.","parts = path.split(""/"")"
"scripts/tools/export_ocean_downscaling_products_to_parquet.sh",280,"stage_requires_parts","Assumes a parts stage from monthly regridding.","lower_parts = [part.lower() for part in parts]"
"scripts/tools/export_ocean_downscaling_products_to_parquet.sh",283,"stage_requires_parts","Assumes a parts stage from monthly regridding.","if ""future"" not in lower_parts or ""rcp85"" not in lower_parts:"
"scripts/tools/export_ocean_downscaling_products_to_parquet.sh",285,"stage_requires_parts","Assumes a parts stage from monthly regridding.","if ""cesm_f09_g16"" not in lower_parts:"
"scripts/tools/export_ocean_downscaling_products_to_parquet.sh",287,"stage_requires_parts","Assumes a parts stage from monthly regridding.","if ""uo"" not in lower_parts:"
"scripts/tools/fill_hindcast_baseline_coastal_gaps.sh",28,"hardcoded_chl_o2","May contain hard-coded variable lists that need expansion beyond chl/o2.","#                               (default: chl o2 zos)"
"scripts/tools/fill_hindcast_baseline_coastal_gaps.sh",28,"two_dimensional_var","Mentions 2D variables that should not go through vertical interpolation.","#                               (default: chl o2 zos)"
"scripts/tools/fill_hindcast_baseline_coastal_gaps.sh",52,"hardcoded_chl_o2","May contain hard-coded variable lists that need expansion beyond chl/o2.","VARS=""${VARS:-chl o2 zos}"""
"scripts/tools/fill_hindcast_baseline_coastal_gaps.sh",52,"two_dimensional_var","Mentions 2D variables that should not go through vertical interpolation.","VARS=""${VARS:-chl o2 zos}"""
"scripts/tools/organize_ocean_downscaling_products.sh",28,"hardcoded_chl_o2","May contain hard-coded variable lists that need expansion beyond chl/o2.","BASELINE_VARS=""${BASELINE_VARS:-chl o2 ph thetao so uo vo zos mlotst siconc}"""
"scripts/tools/organize_ocean_downscaling_products.sh",28,"sea_ice_var","Mentions sea-ice concentration or SImon table.","BASELINE_VARS=""${BASELINE_VARS:-chl o2 ph thetao so uo vo zos mlotst siconc}"""
"scripts/tools/organize_ocean_downscaling_products.sh",28,"two_dimensional_var","Mentions 2D variables that should not go through vertical interpolation.","BASELINE_VARS=""${BASELINE_VARS:-chl o2 ph thetao so uo vo zos mlotst siconc}"""
"scripts/tools/organize_ocean_downscaling_products.sh",29,"hardcoded_chl_o2","May contain hard-coded variable lists that need expansion beyond chl/o2.","FUTURE_VARS=""${FUTURE_VARS:-thetao so ph o2 chl uo vo zooc zos mlotst siconc}"""
"scripts/tools/organize_ocean_downscaling_products.sh",29,"sea_ice_var","Mentions sea-ice concentration or SImon table.","FUTURE_VARS=""${FUTURE_VARS:-thetao so ph o2 chl uo vo zooc zos mlotst siconc}"""
"scripts/tools/organize_ocean_downscaling_products.sh",29,"two_dimensional_var","Mentions 2D variables that should not go through vertical interpolation.","FUTURE_VARS=""${FUTURE_VARS:-thetao so ph o2 chl uo vo zooc zos mlotst siconc}"""
"scripts/tools/organize_ocean_downscaling_products.sh",30,"future_windows_missing_2030","Mentions 2030-2040 support. Absence in future-window runners is a review flag.","WINDOWS=""${WINDOWS:-2030-2040 2050-2060 2090-2100}"""
"scripts/tools/organize_ocean_downscaling_products.sh",34,"hardcoded_chl_o2","May contain hard-coded variable lists that need expansion beyond chl/o2.","COASTAL_FILLED_BASELINE_VARS=""${COASTAL_FILLED_BASELINE_VARS:-chl o2}"""
"scripts/tools/organize_ocean_downscaling_products.sh",53,"hardcoded_chl_o2","May contain hard-coded variable lists that need expansion beyond chl/o2.","chl|o2|ph)"
"scripts/tools/organize_ocean_downscaling_products.sh",56,"sea_ice_var","Mentions sea-ice concentration or SImon table.","thetao|so|uo|vo|zos|mlotst|siconc)"
"scripts/tools/organize_ocean_downscaling_products.sh",56,"two_dimensional_var","Mentions 2D variables that should not go through vertical interpolation.","thetao|so|uo|vo|zos|mlotst|siconc)"
"scripts/tools/organize_ocean_downscaling_products.sh",224,"hardcoded_chl_o2","May contain hard-coded variable lists that need expansion beyond chl/o2.","chl)"
"scripts/tools/organize_ocean_downscaling_products.sh",226,"hardcoded_chl_o2","May contain hard-coded variable lists that need expansion beyond chl/o2.","""${HINDCAST_0P25_ROOT}/chl/clim_windows/global_ocean_biogeochemistry_hindcast_chl_clim_2006-2014.nc"" \"
"scripts/tools/organize_ocean_downscaling_products.sh",227,"hardcoded_chl_o2","May contain hard-coded variable lists that need expansion beyond chl/o2.","""chl"" \"
"scripts/tools/organize_ocean_downscaling_products.sh",230,"hardcoded_chl_o2","May contain hard-coded variable lists that need expansion beyond chl/o2.","""$(hindcast_0p05_baseline_file chl global_ocean_biogeochemistry_hindcast_chl_clim_2006-2014_grid_0p05_global.nc)"" \"
"scripts/tools/organize_ocean_downscaling_products.sh",231,"hardcoded_chl_o2","May contain hard-coded variable lists that need expansion beyond chl/o2.","""chl"" \"
"scripts/tools/organize_ocean_downscaling_products.sh",234,"hardcoded_chl_o2","May contain hard-coded variable lists that need expansion beyond chl/o2.","o2)"
"scripts/tools/organize_ocean_downscaling_products.sh",236,"hardcoded_chl_o2","May contain hard-coded variable lists that need expansion beyond chl/o2.","""${HINDCAST_0P25_ROOT}/o2/clim_windows/global_ocean_biogeochemistry_hindcast_o2_clim_2006-2014.nc"" \"
"scripts/tools/organize_ocean_downscaling_products.sh",237,"hardcoded_chl_o2","May contain hard-coded variable lists that need expansion beyond chl/o2.","""o2"" \"
"scripts/tools/organize_ocean_downscaling_products.sh",240,"hardcoded_chl_o2","May contain hard-coded variable lists that need expansion beyond chl/o2.","""$(hindcast_0p05_baseline_file o2 global_ocean_biogeochemistry_hindcast_o2_clim_2006-2014_grid_0p05_global.nc)"" \"
"scripts/tools/organize_ocean_downscaling_products.sh",241,"hardcoded_chl_o2","May contain hard-coded variable lists that need expansion beyond chl/o2.","""o2"" \"
"scripts/tools/organize_ocean_downscaling_products.sh",278,"two_dimensional_var","Mentions 2D variables that should not go through vertical interpolation.","zos)"
"scripts/tools/organize_ocean_downscaling_products.sh",280,"two_dimensional_var","Mentions 2D variables that should not go through vertical interpolation.","""${GLORYS_ROOT}/zos/clim_windows/glorys12v1_zos_clim_2006-2014.nc"" \"
"scripts/tools/organize_ocean_downscaling_products.sh",281,"two_dimensional_var","Mentions 2D variables that should not go through vertical interpolation.","""zos"" \"
"scripts/tools/organize_ocean_downscaling_products.sh",284,"two_dimensional_var","Mentions 2D variables that should not go through vertical interpolation.","mlotst)"
"scripts/tools/organize_ocean_downscaling_products.sh",286,"two_dimensional_var","Mentions 2D variables that should not go through vertical interpolation.","""${GLORYS_ROOT}/mlotst/clim_windows/glorys12v1_mlotst_clim_2006-2014.nc"" \"
"scripts/tools/organize_ocean_downscaling_products.sh",287,"two_dimensional_var","Mentions 2D variables that should not go through vertical interpolation.","""mlotst"" \"
"scripts/tools/organize_ocean_downscaling_products.sh",290,"sea_ice_var","Mentions sea-ice concentration or SImon table.","siconc)"
"scripts/tools/organize_ocean_downscaling_products.sh",292,"sea_ice_var","Mentions sea-ice concentration or SImon table.","""${GLORYS_ROOT}/siconc/clim_windows/glorys12v1_siconc_clim_2006-2014.nc"" \"
"scripts/tools/organize_ocean_downscaling_products.sh",293,"sea_ice_var","Mentions sea-ice concentration or SImon table.","""siconc"" \"
"scripts/tools/stage_ocean_downscaling_sample_products.sh",90,"member_auto_logic","Uses or resolves member/variant labels.","MEMBER=""${MEMBER:-001}"""
"scripts/tools/stage_ocean_downscaling_sample_products.sh",241,"stage_requires_parts","Assumes a parts stage from monthly regridding.","local -a path_parts"
"scripts/tools/stage_ocean_downscaling_sample_products.sh",246,"stage_requires_parts","Assumes a parts stage from monthly regridding.","IFS='/' read -r -a path_parts <<<""${rel_path}"""
"scripts/tools/stage_ocean_downscaling_sample_products.sh",247,"stage_requires_parts","Assumes a parts stage from monthly regridding.","family=""${path_parts[0]:-}"""
"scripts/tools/stage_ocean_downscaling_sample_products.sh",250,"stage_requires_parts","Assumes a parts stage from monthly regridding.","variable=""${path_parts[1]:-}"""
"scripts/tools/stage_ocean_downscaling_sample_products.sh",251,"stage_requires_parts","Assumes a parts stage from monthly regridding.","resolution=""${path_parts[2]:-}"""
"scripts/tools/stage_ocean_downscaling_sample_products.sh",257,"stage_requires_parts","Assumes a parts stage from monthly regridding.","if (( ${#path_parts[@]} >= 7 )); then"
"scripts/tools/stage_ocean_downscaling_sample_products.sh",258,"stage_requires_parts","Assumes a parts stage from monthly regridding.","model=""${path_parts[1]:-}"""
"scripts/tools/stage_ocean_downscaling_sample_products.sh",259,"stage_requires_parts","Assumes a parts stage from monthly regridding.","realization=""${path_parts[2]:-}"""
"scripts/tools/stage_ocean_downscaling_sample_products.sh",260,"stage_requires_parts","Assumes a parts stage from monthly regridding.","scenario=""${path_parts[3]:-}"""
"scripts/tools/stage_ocean_downscaling_sample_products.sh",261,"stage_requires_parts","Assumes a parts stage from monthly regridding.","variable=""${path_parts[4]:-}"""
"scripts/tools/stage_ocean_downscaling_sample_products.sh",262,"stage_requires_parts","Assumes a parts stage from monthly regridding.","window=""${path_parts[5]:-}"""
"scripts/tools/stage_ocean_downscaling_sample_products.sh",263,"stage_requires_parts","Assumes a parts stage from monthly regridding.","resolution=""${path_parts[6]:-}"""
"scripts/tools/stage_ocean_downscaling_sample_products.sh",270,"stage_requires_parts","Assumes a parts stage from monthly regridding.","variable=""${path_parts[1]:-}"""
"scripts/tools/stage_ocean_downscaling_sample_products.sh",271,"stage_requires_parts","Assumes a parts stage from monthly regridding.","window=""${path_parts[2]:-}"""
"scripts/tools/stage_ocean_downscaling_sample_products.sh",272,"stage_requires_parts","Assumes a parts stage from monthly regridding.","resolution=""${path_parts[3]:-}"""
"scripts/tools/stage_ocean_downscaling_sample_products.sh",554,"stage_requires_parts","Assumes a parts stage from monthly regridding.","parts = rel_path.split(os.sep)"
"scripts/tools/stage_ocean_downscaling_sample_products.sh",555,"stage_requires_parts","Assumes a parts stage from monthly regridding.","if len(parts) < 4:"
"scripts/tools/stage_ocean_downscaling_sample_products.sh",558,"stage_requires_parts","Assumes a parts stage from monthly regridding.","family = parts[0]"
"scripts/tools/stage_ocean_downscaling_sample_products.sh",573,"stage_requires_parts","Assumes a parts stage from monthly regridding.","variable = parts[1]"
"scripts/tools/stage_ocean_downscaling_sample_products.sh",574,"stage_requires_parts","Assumes a parts stage from monthly regridding.","source_resolution = parts[2]"
"scripts/tools/stage_ocean_downscaling_sample_products.sh",581,"stage_requires_parts","Assumes a parts stage from monthly regridding.","if len(parts) >= 7:"
"scripts/tools/stage_ocean_downscaling_sample_products.sh",582,"stage_requires_parts","Assumes a parts stage from monthly regridding.","model = parts[1]"
"scripts/tools/stage_ocean_downscaling_sample_products.sh",583,"stage_requires_parts","Assumes a parts stage from monthly regridding.","realization = parts[2]"
"scripts/tools/stage_ocean_downscaling_sample_products.sh",584,"stage_requires_parts","Assumes a parts stage from monthly regridding.","scenario = parts[3]"
"scripts/tools/stage_ocean_downscaling_sample_products.sh",585,"stage_requires_parts","Assumes a parts stage from monthly regridding.","variable = parts[4]"
"scripts/tools/stage_ocean_downscaling_sample_products.sh",586,"stage_requires_parts","Assumes a parts stage from monthly regridding.","window = parts[5]"
"scripts/tools/stage_ocean_downscaling_sample_products.sh",587,"stage_requires_parts","Assumes a parts stage from monthly regridding.","source_resolution = parts[6]"
"scripts/tools/stage_ocean_downscaling_sample_products.sh",593,"stage_requires_parts","Assumes a parts stage from monthly regridding.","variable = parts[1]"
"scripts/tools/stage_ocean_downscaling_sample_products.sh",594,"stage_requires_parts","Assumes a parts stage from monthly regridding.","window = parts[2]"
"scripts/tools/stage_ocean_downscaling_sample_products.sh",595,"stage_requires_parts","Assumes a parts stage from monthly regridding.","source_resolution = parts[3] if len(parts) >= 4 else resolution"
